{
  "schema_version": "0.3.0",
  "dyad_id": "synthetic_lag0.0s_noise0.3_coup0.7_identical",
  "dynamic_features": {
    "behavior_person_a__neural_person_a": {
      "peak_amplitude": 0.9045854173679508,
      "dwell_time": 6.5,
      "switching_rate": 3.2989690721649487,
      "mean_synchrony": 0.27981442042048965,
      "onset_latency": 34.0,
      "rise_time": 1.0,
      "recovery_time": 9.0,
      "synchrony_entropy": 4.070533998686995,
      "bimodality_coefficient": 0.47657384851022633,
      "fraction_above_threshold": 0.18213058419243985,
      "inter_peak_cv": 1.1379369737079408,
      "first_peak_time": 36.0,
      "onset_defined": 1,
      "rise_defined": 1,
      "recovery_defined": 1,
      "_params": {
        "threshold": 0.6742776452360456,
        "hz": 1.0,
        "wcc_window_sec": 10.0
      }
    },
    "behavior_person_a__neural_person_b": {
      "peak_amplitude": 0.9413651597182056,
      "dwell_time": 7.5,
      "switching_rate": 3.2989690721649487,
      "mean_synchrony": 0.23184439546430963,
      "onset_latency": 40.0,
      "rise_time": 1.0,
      "recovery_time": 5.0,
      "synchrony_entropy": 4.193782206730324,
      "bimodality_coefficient": 0.5539614809430439,
      "fraction_above_threshold": 0.23024054982817868,
      "inter_peak_cv": 1.1331302609314202,
      "first_peak_time": 26.0,
      "onset_defined": 1,
      "rise_defined": 1,
      "recovery_defined": 1,
      "_params": {
        "threshold": 0.6722305336263115,
        "hz": 1.0,
        "wcc_window_sec": 10.0
      }
    },
    "behavior_person_b__neural_person_a": {
      "peak_amplitude": 0.8958200789786994,
      "dwell_time": 7.8,
      "switching_rate": 4.123711340206186,
      "mean_synchrony": 0.25932570425837764,
      "onset_latency": 36.0,
      "rise_time": 2.0,
      "recovery_time": 3.0,
      "synchrony_entropy": 4.090435886053551,
      "bimodality_coefficient": 0.5296747813426009,
      "fraction_above_threshold": 0.2542955326460481,
      "inter_peak_cv": 1.3086806962080861,
      "first_peak_time": 40.0,
      "onset_defined": 1,
      "rise_defined": 1,
      "recovery_defined": 1,
      "_params": {
        "threshold": 0.6805593536127016,
        "hz": 1.0,
        "wcc_window_sec": 10.0
      }
    },
    "behavior_person_b__neural_person_b": {
      "peak_amplitude": 0.9188768741870392,
      "dwell_time": 6.0,
      "switching_rate": 2.4742268041237114,
      "mean_synchrony": 0.22655503526540874,
      "onset_latency": 42.0,
      "rise_time": 157.0,
      "recovery_time": 7.0,
      "synchrony_entropy": 4.029342441666545,
      "bimodality_coefficient": 0.42042870920765296,
      "fraction_above_threshold": 0.14432989690721648,
      "inter_peak_cv": 1.2198564213903476,
      "first_peak_time": 43.0,
      "onset_defined": 1,
      "rise_defined": 1,
      "recovery_defined": 1,
      "_params": {
        "threshold": 0.6841902930251519,
        "hz": 1.0,
        "wcc_window_sec": 10.0
      }
    }
  },
  "dynamic_features_segmented": {
    "PreTask": {
      "behavior_person_a__neural_person_a": {
        "peak_amplitude": 0.9045854173679508,
        "dwell_time": 7.25,
        "switching_rate": 3.404255319148936,
        "mean_synchrony": 0.31480030335067766,
        "onset_latency": 34.0,
        "rise_time": 1.0,
        "recovery_time": 9.0,
        "synchrony_entropy": 4.05717377769154,
        "bimodality_coefficient": 0.46785570057214143,
        "fraction_above_threshold": 0.20567375886524822,
        "inter_peak_cv": 1.1081741740358326,
        "first_peak_time": 36.0,
        "onset_defined": 1,
        "rise_defined": 1,
        "recovery_defined": 1,
        "_params": {
          "threshold": 0.6742776452360456,
          "hz": 1.0,
          "wcc_window_sec": 10.0
        }
      },
      "behavior_person_a__neural_person_b": {
        "peak_amplitude": 0.9318470792196489,
        "dwell_time": 7.0,
        "switching_rate": 2.553191489361702,
        "mean_synchrony": 0.21075939090121948,
        "onset_latency": 40.0,
        "rise_time": 17.0,
        "recovery_time": 10.0,
        "synchrony_entropy": 4.217550519142451,
        "bimodality_coefficient": 0.5759229924048187,
        "fraction_above_threshold": 0.18439716312056736,
        "inter_peak_cv": 1.314703117141986,
        "first_peak_time": 26.0,
        "onset_defined": 1,
        "rise_defined": 1,
        "recovery_defined": 1,
        "_params": {
          "threshold": 0.6722305336263115,
          "hz": 1.0,
          "wcc_window_sec": 10.0
        }
      },
      "behavior_person_b__neural_person_a": {
        "peak_amplitude": 0.879588718248159,
        "dwell_time": 5.5,
        "switching_rate": 3.404255319148936,
        "mean_synchrony": 0.15144208652866575,
        "onset_latency": 36.0,
        "rise_time": 1.0,
        "recovery_time": 4.0,
        "synchrony_entropy": 4.149638521173979,
        "bimodality_coefficient": 0.48241566733042324,
        "fraction_above_threshold": 0.1702127659574468,
        "inter_peak_cv": 1.2108607655596708,
        "first_peak_time": 40.0,
        "onset_defined": 1,
        "rise_defined": 1,
        "recovery_defined": 1,
        "_params": {
          "threshold": 0.6805593536127016,
          "hz": 1.0,
          "wcc_window_sec": 10.0
        }
      },
      "behavior_person_b__neural_person_b": {
        "peak_amplitude": 0.8127346292284199,
        "dwell_time": 4.333333333333333,
        "switching_rate": 2.553191489361702,
        "mean_synchrony": 0.2354309752123308,
        "onset_latency": 42.0,
        "rise_time": 10.0,
        "recovery_time": 2.0,
        "synchrony_entropy": 3.995176272812315,
        "bimodality_coefficient": 0.42983231492736035,
        "fraction_above_threshold": 0.11347517730496454,
        "inter_peak_cv": 1.2665743271974956,
        "first_peak_time": 43.0,
        "onset_defined": 1,
        "rise_defined": 0,
        "recovery_defined": 1,
        "_params": {
          "threshold": 0.6841902930251519,
          "hz": 1.0,
          "wcc_window_sec": 10.0
        }
      }
    },
    "Task": {
      "behavior_person_a__neural_person_a": {
        "peak_amplitude": 0.8989399943653509,
        "dwell_time": 5.75,
        "switching_rate": 3.404255319148936,
        "mean_synchrony": 0.2527469513787973,
        "onset_latency": 41.0,
        "rise_time": 10.0,
        "recovery_time": 5.0,
        "synchrony_entropy": 4.0372347342639925,
        "bimodality_coefficient": 0.5005138329466643,
        "fraction_above_threshold": 0.1702127659574468,
        "inter_peak_cv": 0.8331849873894195,
        "first_peak_time": 39.0,
        "onset_defined": 1,
        "rise_defined": 0,
        "recovery_defined": 1,
        "_params": {
          "threshold": 0.6742776452360456,
          "hz": 1.0,
          "wcc_window_sec": 10.0
        }
      },
      "behavior_person_a__neural_person_b": {
        "peak_amplitude": 0.9413651597182077,
        "dwell_time": 7.8,
        "switching_rate": 4.25531914893617,
        "mean_synchrony": 0.30081335838689655,
        "onset_latency": 21.0,
        "rise_time": 28.0,
        "recovery_time": 5.0,
        "synchrony_entropy": 4.096049437234013,
        "bimodality_coefficient": 0.541530375696689,
        "fraction_above_threshold": 0.2907801418439716,
        "inter_peak_cv": 0.8248138571449737,
        "first_peak_time": 21.0,
        "onset_defined": 1,
        "rise_defined": 1,
        "recovery_defined": 1,
        "_params": {
          "threshold": 0.6722305336263115,
          "hz": 1.0,
          "wcc_window_sec": 10.0
        }
      },
      "behavior_person_b__neural_person_a": {
        "peak_amplitude": 0.8958200789787018,
        "dwell_time": 9.0,
        "switching_rate": 4.680851063829787,
        "mean_synchrony": 0.36939519269373156,
        "onset_latency": 32.0,
        "rise_time": 51.0,
        "recovery_time": 3.0,
        "synchrony_entropy": 3.939758483246346,