{
  "audit": "design_controls",
  "features": [
    "mean_synchrony",
    "peak_amplitude",
    "fraction_above_threshold",
    "dwell_time",
    "switching_rate"
  ],
  "n_dyads": 6,
  "pseudo_pair": {
    "enabled": true,
    "n_pseudo_per_dyad": 2,
    "interpretation": "If real pairs exceed pseudo-pairs, evidence is more dyad-specific. If real ≈ pseudo, shared context/stimulus/co-presence remains plausible."
  },
  "time_shift": {
    "enabled": true,
    "shift_lags_sec": [
      -60.0,
      -30.0,
      30.0,
      60.0
    ],
    "interpretation": "If real pairs exceed time-shift controls, evidence depends on precise temporal alignment. If time-shift remains high, slow drifts or shared block structure remain plausible."
  },
  "feature_summary": {
    "mean_synchrony": {
      "real_median": 0.20370378869309952,
      "pseudo_pair_median": 0.043140862000354066,
      "time_shift_median": 0.04075833627874664,
      "real_minus_pseudo_mean": 0.17171225640049156,
      "real_minus_time_shift_mean": 0.1775977791445381,
      "p_real_gt_pseudo": 0.03076923076923077,
      "p_real_gt_time_shift": 0.03076923076923077,
      "n_real": 6,
      "n_pseudo_dyads": 6,
      "n_time_shift_dyads": 6
    },
    "peak_amplitude": {
      "real_median": 0.8294364106332635,
      "pseudo_pair_median": 0.7077940817272038,
      "time_shift_median": 0.7913326273108763,
      "real_minus_pseudo_mean": 0.1175204368351085,
      "real_minus_time_shift_mean": 0.055881593047085454,
      "p_real_gt_pseudo": 0.03076923076923077,
      "p_real_gt_time_shift": 0.06153846153846154,
      "n_real": 6,
      "n_pseudo_dyads": 6,
      "n_time_shift_dyads": 6
    },
    "fraction_above_threshold": {
      "real_median": 0.27705627705627706,
      "pseudo_pair_median": 0.10497835497835498,
      "time_shift_median": 0.12012306886619534,
      "real_minus_pseudo_mean": 0.1533189033189033,
      "real_minus_time_shift_mean": 0.13615959845339262,
      "p_real_gt_pseudo": 0.03076923076923077,
      "p_real_gt_time_shift": 0.03076923076923077,
      "n_real": 6,
      "n_pseudo_dyads": 6,
      "n_time_shift_dyads": 6
    },
    "dwell_time": {
      "real_median": 5.659090909090909,
      "pseudo_pair_median": 3.9833333333333334,
      "time_shift_median": 4.440476190476191,
      "real_minus_pseudo_mean": 2.0085618085618084,
      "real_minus_time_shift_mean": 1.4539983164983166,
      "p_real_gt_pseudo": 0.046153846153846156,
      "p_real_gt_time_shift": 0.03076923076923077,
      "n_real": 6,
      "n_pseudo_dyads": 6,
      "n_time_shift_dyads": 6
    },
    "switching_rate": {
      "real_median": 5.064935064935065,
      "pseudo_pair_median": 3.116883116883117,
      "time_shift_median": 3.1146897093479966,
      "real_minus_pseudo_mean": 2.2294372294372296,
      "real_minus_time_shift_mean": 2.110058048785464,
      "p_real_gt_pseudo": 0.046153846153846156,
      "p_real_gt_time_shift": 0.03076923076923077,
      "n_real": 6,
      "n_pseudo_dyads": 6,
      "n_time_shift_dyads": 6
    }
  }
}